date_range,url,locale,query,country,device,clicks,impressions,ctr,average_position,indexing_status,canonical_status,notes
No data available yet,https://deviatech.com/,en,No data available yet,No data available yet,No data available yet,No data available yet,No data available yet,No data available yet,No data available yet,Not verified in Search Console,Self-referencing canonical confirmed in raw HTML,Baseline row. Search Console property not accessible from this session; no performance data could be read. Live checks only.
No data available yet,https://deviatech.com/therapist-website-design,en,No data available yet,No data available yet,No data available yet,No data available yet,No data available yet,No data available yet,No data available yet,Not verified in Search Console,Self-referencing canonical confirmed in raw HTML,"HTTP 200; index, follow, max-image-preview:large; hreflang en/fa/ur/x-default reciprocal; lang=en dir=ltr; in sitemap."
No data available yet,https://deviatech.com/fa/therapist-website-design,fa,No data available yet,No data available yet,No data available yet,No data available yet,No data available yet,No data available yet,No data available yet,Not verified in Search Console,Self-referencing canonical confirmed in raw HTML,"HTTP 200; index, follow, max-image-preview:large; hreflang en/fa/ur/x-default reciprocal; lang=fa dir=rtl; in sitemap."
No data available yet,https://deviatech.com/ur/therapist-website-design,ur,No data available yet,No data available yet,No data available yet,No data available yet,No data available yet,No data available yet,No data available yet,Not verified in Search Console,Self-referencing canonical confirmed in raw HTML,"HTTP 200; index, follow, max-image-preview:large; hreflang en/fa/ur/x-default reciprocal; lang=ur dir=rtl; in sitemap."
No data available yet,https://deviatech.com/therapist-website-design/thank-you,en,Not applicable,Not applicable,Not applicable,Not applicable,Not applicable,Not applicable,Not applicable,Intentionally noindex,Self-referencing canonical confirmed in raw HTML,"Intentionally excluded from index and sitemap. noindex, follow. Not to be submitted for indexing."
No data available yet,https://deviatech.com/fa/therapist-website-design/thank-you,fa,Not applicable,Not applicable,Not applicable,Not applicable,Not applicable,Not applicable,Not applicable,Intentionally noindex,Self-referencing canonical confirmed in raw HTML,"Intentionally excluded from index and sitemap. noindex, follow. Not to be submitted for indexing."
No data available yet,https://deviatech.com/ur/therapist-website-design/thank-you,ur,Not applicable,Not applicable,Not applicable,Not applicable,Not applicable,Not applicable,Not applicable,Intentionally noindex,Self-referencing canonical confirmed in raw HTML,"Intentionally excluded from index and sitemap. noindex, follow. Not to be submitted for indexing."
No data available yet,https://preview.deviatech.com/,en,Not applicable,Not applicable,Not applicable,Not applicable,Not applicable,Not applicable,Not applicable,Intentionally noindex,Canonical points to preview host,"Luma Therapy concept demo. noindex, follow by design. Never to be submitted for indexing or added to the sitemap."
No data available yet,https://preview.deviatech.com/fa,fa,Not applicable,Not applicable,Not applicable,Not applicable,Not applicable,Not applicable,Not applicable,Intentionally noindex,Canonical points to preview host,"Luma Therapy concept demo. noindex, follow by design. Never to be submitted for indexing or added to the sitemap."
No data available yet,https://preview.deviatech.com/ur,ur,Not applicable,Not applicable,Not applicable,Not applicable,Not applicable,Not applicable,Not applicable,Intentionally noindex,Canonical points to preview host,"Luma Therapy concept demo. noindex, follow by design. Never to be submitted for indexing or added to the sitemap."
